{"cameraMode":{"drawMode":0,"name":"Shaded","section":"Shading Mode"},"sceneLighting":false,"audioPlay":false,"sceneViewState":{"showFog":true,"showMaterialUpdate":false,"showSkybox":false,"showFlares":true,"showImageEffects":true,"showParticleSystems":true},"in2DMode":false,"pivot":{"x":-5.05494499206543,"y":2.5166640281677248,"z":-39.639739990234378},"rotation":{"x":0.32257091999053957,"y":-0.1580180525779724,"z":0.05470142513513565,"w":0.9316733479499817},"size":6.255107879638672,"orthographic":false}