{"cameraMode":{"drawMode":0,"name":"Shaded","section":"Shading Mode"},"sceneLighting":true,"audioPlay":false,"sceneViewState":{"showFog":true,"showMaterialUpdate":false,"showSkybox":true,"showFlares":true,"showImageEffects":true,"showParticleSystems":true},"in2DMode":false,"pivot":{"x":-37.81962585449219,"y":3.717238664627075,"z":-14.592309951782227},"rotation":{"x":-0.0708150565624237,"y":0.8326400518417358,"z":-0.10954241454601288,"w":-0.5382701754570007},"size":11.735124588012696,"orthographic":false}