{"cameraMode":{"drawMode":0,"name":"Shaded","section":"Shading Mode"},"sceneLighting":true,"audioPlay":false,"sceneViewState":{"showFog":true,"showMaterialUpdate":false,"showSkybox":true,"showFlares":true,"showImageEffects":true,"showParticleSystems":true},"in2DMode":false,"pivot":{"x":19.262971878051759,"y":2.3832130432128908,"z":-3.9659111499786379},"rotation":{"x":0.04739054664969444,"y":-0.9461959600448608,"z":0.27598893642425539,"w":0.16244427859783173},"size":2.0176687240600588,"orthographic":false}