{"cameraMode":{"drawMode":0,"name":"Shaded","section":"Shading Mode"},"sceneLighting":true,"audioPlay":false,"sceneViewState":{"showFog":true,"showMaterialUpdate":false,"showSkybox":true,"showFlares":true,"showImageEffects":true,"showParticleSystems":true},"in2DMode":false,"pivot":{"x":-8.728939056396485,"y":-1.6600364446640015,"z":-6.607913970947266},"rotation":{"x":-0.10962513834238053,"y":0.6880475878715515,"z":-0.10631521791219711,"w":-0.7094305157661438},"size":5.15205717086792,"orthographic":false}