{"cameraMode":{"drawMode":0,"name":"Shaded","section":"Shading Mode"},"sceneLighting":true,"audioPlay":false,"sceneViewState":{"showFog":true,"showMaterialUpdate":false,"showSkybox":true,"showFlares":true,"showImageEffects":true,"showParticleSystems":true},"in2DMode":false,"pivot":{"x":9.246843338012696,"y":1.1945514678955079,"z":-0.17118215560913087},"rotation":{"x":-0.3488665521144867,"y":0.33960071206092837,"z":-0.1373528093099594,"w":-0.8626494407653809},"size":3.670786142349243,"orthographic":false}